{"class_name": "Model", "config": {"name": "model_3", "layers": [{"name": "input_3", "class_name": "InputLayer", "config": {"batch_input_shape": [null, 73], "dtype": "float32", "sparse": false, "name": "input_3"}, "inbound_nodes": []}, {"name": "dense_13", "class_name": "Dense", "config": {"name": "dense_13", "trainable": true, "batch_input_shape": [null, 73], "dtype": "float32", "units": 1000, "activation": "tanh", "use_bias": true, "kernel_initializer": {"class_name": "VarianceScaling", "config": {"scale": 1.0, "mode": "fan_avg", "distribution": "uniform", "seed": null}}, "bias_initializer": {"class_name": "Zeros", "config": {}}, "kernel_regularizer": null, "bias_regularizer": null, "activity_regularizer": null, "kernel_constraint": {"class_name": "MaxNorm", "config": {"max_value": 3, "axis": 0}}, "bias_constraint": null}, "inbound_nodes": [[["input_3", 0, 0, {}]]]}, {"name": "dense_14", "class_name": "Dense", "config": {"name": "dense_14", "trainable": true, "dtype": "float32", "units": 1000, "activation": "tanh", "use_bias": true, "kernel_initializer": {"class_name": "VarianceScaling", "config": {"scale": 1.0, "mode": "fan_avg", "distribution": "uniform", "seed": null}}, "bias_initializer": {"class_name": "Zeros", "config": {}}, "kernel_regularizer": null, "bias_regularizer": null, "activity_regularizer": null, "kernel_constraint": {"class_name": "MaxNorm", "config": {"max_value": 3, "axis": 0}}, "bias_constraint": null}, "inbound_nodes": [[["dense_13", 0, 0, {}]]]}, {"name": "dense_15", "class_name": "Dense", "config": {"name": "dense_15", "trainable": true, "dtype": "float32", "units": 3, "activation": "linear", "use_bias": true, "kernel_initializer": {"class_name": "VarianceScaling", "config": {"scale": 1.0, "mode": "fan_avg", "distribution": "uniform", "seed": null}}, "bias_initializer": {"class_name": "Zeros", "config": {}}, "kernel_regularizer": null, "bias_regularizer": null, "activity_regularizer": null, "kernel_constraint": null, "bias_constraint": null}, "inbound_nodes": [[["dense_14", 0, 0, {}]]]}], "input_layers": [["input_3", 0, 0]], "output_layers": [["dense_15", 0, 0]]}, "keras_version": "2.3.1", "backend": "tensorflow"}